sobol_id,Vs1,H,CoV,Vs2,rH,aHV,knn_4d,knn_6d,nn_rel_l2_gino,nn_rel_l2_1d,nn_pearson_gino,nn_pearson_1d
0,181.714015,84.221278,0.261283,863.067197,10.0,50.0,0.584390,1.909026,0.286425,0.629595,0.937151,0.597825
1,197.123199,30.753293,0.135770,1071.313186,10.0,50.0,0.315177,2.205977,0.305024,0.270086,0.939129,0.940106
2,241.126537,75.343336,0.226077,988.474328,10.0,50.0,0.660326,2.232999,0.236468,0.439962,0.961572,0.810538
3,154.822206,39.807632,0.152224,1184.440239,10.0,50.0,0.673553,2.317827,0.189782,0.282065,0.969904,0.928576
4,113.141095,67.667337,0.103758,1270.326223,10.0,50.0,1.131818,2.489115,0.307358,0.443918,0.915187,0.824071
5,259.267027,47.399883,0.280833,1035.857116,10.0,50.0,0.554534,2.130785,0.761283,0.926860,0.767111,0.386103
6,224.051702,98.454154,0.184272,1135.252688,10.0,50.0,0.793994,2.859922,0.436995,0.487531,0.904312,0.763085
7,174.588324,16.436670,0.206562,923.785625,10.0,50.0,0.627755,1.520756,0.291244,0.413858,0.951966,0.888527
8,161.233982,72.775124,0.190054,1066.258068,10.0,50.0,0.752090,1.832846,0.329345,0.498002,0.914926,0.753904
9,205.595996,41.908631,0.213272,1317.541201,10.0,50.0,0.824231,2.250618,0.285420,0.330954,0.913397,0.899629
10,315.847932,82.659536,0.122135,958.294577,10.0,50.0,0.459542,2.218512,0.147877,0.435004,0.982771,0.814388
11,139.118609,32.532636,0.299943,1159.497929,10.0,50.0,0.452955,2.029725,0.429543,0.657342,0.788320,0.666279
12,149.380452,89.670743,0.245295,1096.827803,10.0,50.0,0.554798,2.220185,0.211147,0.508474,0.958008,0.736978
13,232.413143,25.603718,0.170515,906.730176,10.0,50.0,0.597090,2.389424,0.228530,0.607128,0.949719,0.657067
14,197.450001,59.205581,0.267907,1238.333629,10.0,50.0,0.196361,2.570787,0.501288,0.641431,0.854904,0.657569
15,183.238978,55.560462,0.141662,1003.511766,10.0,50.0,0.497377,2.065487,0.090769,0.280916,0.993406,0.931616
16,187.863974,62.240507,0.223608,1124.533508,10.0,50.0,0.648924,1.838064,0.258996,0.533888,0.961895,0.729262
17,202.329671,52.619961,0.198096,934.799943,10.0,50.0,0.655013,1.494096,0.264031,0.593737,0.970654,0.685963
18,224.827774,93.195934,0.288398,1293.211976,10.0,50.0,0.640085,2.933434,0.338232,0.747334,0.892449,0.427225
19,143.416011,21.820169,0.114545,1026.574957,10.0,50.0,0.649740,2.589363,0.189782,0.282065,0.969904,0.928576
20,131.015836,78.962328,0.166044,996.982669,10.0,50.0,0.680320,2.098155,0.329345,0.498002,0.914926,0.753904
21,278.989246,36.136063,0.243120,1171.827399,10.0,50.0,0.707734,2.589285,0.377232,0.606997,0.914339,0.739013
22,210.946104,69.915777,0.146560,831.090585,10.0,50.0,0.677047,2.522331,0.187984,0.348945,0.967796,0.889800
23,166.070615,45.026980,0.268850,1079.282810,10.0,50.0,0.508135,1.260918,0.413573,0.646069,0.855225,0.648326
24,169.925928,94.767727,0.127350,1210.463713,10.0,50.0,0.414682,2.306711,0.158107,0.354130,0.982525,0.900563
25,217.762559,20.050878,0.250568,1017.397550,10.0,50.0,0.554555,1.931316,0.327671,0.544877,0.918834,0.706497
26,276.625810,64.798018,0.159435,1111.137156,10.0,50.0,0.255472,2.710580,0.147950,0.394821,0.985030,0.868323
27,128.089127,50.508262,0.237243,876.771254,10.0,50.0,0.415431,0.860277,0.201866,0.553729,0.967056,0.679542
28,159.822296,78.366832,0.282607,973.759489,10.0,50.0,0.427628,1.624447,0.363724,0.616361,0.896410,0.620823
29,251.725827,36.855701,0.107826,1140.780032,10.0,50.0,0.775497,2.538878,0.236137,0.595472,0.958107,0.664000
30,192.512878,87.755791,0.205216,1051.565947,10.0,50.0,0.551079,2.296568,0.275178,0.550249,0.958684,0.735292
31,177.080489,26.979066,0.178971,1402.423555,10.0,50.0,0.605705,2.572914,0.266243,0.399833,0.933916,0.839093
32,176.100590,74.757035,0.120059,1086.811085,10.0,50.0,0.451786,1.832917,0.154399,0.283165,0.977407,0.927649
33,189.805993,40.549477,0.295376,786.091231,10.0,50.0,0.795776,1.733520,0.189523,0.647579,0.962073,0.558310
34,246.549720,86.135592,0.192765,1182.007871,10.0,50.0,0.719643,2.794991,0.436995,0.487531,0.904312,0.763085
35,158.169652,28.683253,0.216422,990.238140,10.0,50.0,0.348266,1.042941,0.287262,0.748270,0.911699,0.467318
36,124.174006,99.040435,0.264900,1034.722877,10.0,50.0,0.388038,2.465887,0.315845,0.651508,0.917806,0.593608
37,267.735009,15.694846,0.138020,1273.623381,10.0,50.0,0.778739,2.726994,0.290861,0.452840,0.951635,0.854847
38,214.262201,65.753002,0.246886,945.724047,10.0,50.0,0.359450,1.688112,0.300093,0.454630,0.924198,0.788410
39,168.923893,49.469943,0.174791,1117.978830,10.0,50.0,0.233245,1.907126,0.229942,0.558100,0.970354,0.682865
40,214.216180,31.780335,0.155570,1048.205375,10.0,50.0,0.212060,2.159061,0.323215,0.388769,0.937645,0.902262
41,291.803369,70.871105,0.259011,1146.995399,10.0,50.0,0.743371,2.652438,0.377232,0.606997,0.914339,0.739013
42,133.935531,43.988966,0.131399,970.187982,10.0,50.0,0.644088,2.074786,0.156652,0.365129,0.979437,0.871587
43,145.460057,58.629758,0.186058,887.577008,10.0,50.0,0.752719,1.315442,0.156652,0.365129,0.979437,0.871587
44,228.251847,56.312743,0.210643,1106.965515,10.0,50.0,0.307504,2.267293,0.343835,0.607570,0.933420,0.762725
45,205.270785,91.574783,0.100947,1021.715634,10.0,50.0,0.839556,2.284387,0.154399,0.283165,0.977407,0.927649
46,188.925746,23.523363,0.276997,1204.339337,10.0,50.0,0.808154,2.067251,0.363847,0.416528,0.868637,0.833176
47,184.450082,93.948170,0.157746,932.693225,10.0,50.0,0.424492,2.610029,0.288045,0.573124,0.888072,0.729416
48,200.067420,21.244259,0.233063,1126.187459,10.0,50.0,0.460853,1.719021,0.329632,0.666337,0.935324,0.620369
49,235.824384,60.160096,0.130456,1042.002298,10.0,50.0,0.569423,2.377636,0.160831,0.312431,0.981572,0.924008
50,151.539299,54.523904,0.254113,1249.287623,10.0,50.0,0.676868,2.371113,0.501288,0.641431,0.854904,0.657569
51,141.825233,69.163561,0.202602,1194.140799,10.0,50.0,0.776423,2.304103,0.229942,0.558100,0.970354,0.682865
52,208.442687,81.042760,0.284586,1077.943833,10.0,50.0,0.652023,2.346447,0.379754,0.658624,0.927172,0.587832
53,162.532949,34.232099,0.112492,836.985267,10.0,50.0,0.496442,2.516366,0.452644,0.499474,0.861563,0.828639
54,173.322444,64.056078,0.291308,1007.167180,10.0,50.0,0.616455,1.412181,0.243722,0.626406,0.948942,0.610960
55,220.609962,51.094467,0.118286,1229.353607,10.0,50.0,0.486907,2.395398,0.160831,0.312431,0.981572,0.924008
56,253.661715,96.837681,0.221723,913.538851,10.0,50.0,0.595486,2.514692,0.286425,0.629595,0.937151,0.597825
57,152.851591,88.497712,0.148735,1163.574824,10.0,50.0,0.453131,2.200176,0.238204,0.405589,0.945640,0.832414
58,237.251082,26.392881,0.273320,951.839268,10.0,50.0,0.748249,2.140886,0.761283,0.926860,0.767111,0.386103
59,194.629982,76.296858,0.163625,1333.710187,10.0,50.0,1.006620,2.746212,0.323142,0.593453,0.876963,0.715451
60,180.450453,38.770122,0.239675,1060.881679,10.0,50.0,0.328116,1.235627,0.258996,0.533888,0.961895,0.729262
61,179.153534,66.451332,0.169907,1222.068190,10.0,50.0,0.644217,2.274218,0.229942,0.558100,0.970354,0.682865
62,194.104772,48.864629,0.245908,1012.459936,10.0,50.0,0.302358,1.197737,0.413573,0.646069,0.855225,0.648326
63,240.017329,99.733571,0.142514,1094.295014,10.0,50.0,0.758187,2.794118,0.175732,0.270605,0.969472,0.935444
