split,sample,local_idx,sample_idx,dip_angle_deg,H,vs2,sigma_y_empirical,sigma_y_discrete,sigma_y_continuous,depth_range_m,n_strip,abs_err_discrete,abs_err_continuous
val,0,874,874,-1.752508319914341,55.0,884.992562001248,4.434403680315991,4.425077632168665,4.416236309385778,15.29829133217327,500,0.00932604814732585,0.01816737093021281
val,1,519,519,1.8345918338745832,39.0,1158.8388332111074,4.643486190353106,4.632476789891135,4.623221082762765,16.015307619937413,500,0.011009400461970742,0.02026510759034128
val,2,729,729,-2.790180439129472,29.0,1248.3131362997372,7.048971556191726,7.04857176082572,7.034488686295511,24.36818361986454,500,0.00039979536600665,0.014482869896215611
val,3,625,625,0.8813023902475834,34.0,1326.3050656141806,2.246775467197379,2.2247670280519984,2.220321934644204,7.691420799926771,500,0.02200843914538053,0.026453532553174952
val,4,921,921,2.51784847676754,30.0,1184.6751494557973,6.357987102849455,6.359670531081693,6.346963883959991,21.9865278416468,500,0.0016834282322379934,0.01102321888946367
val,5,537,537,1.8345918338745832,39.0,1158.8388332111074,4.642843956025229,4.632476789891135,4.623221082762765,16.015307619937413,500,0.010367166134093608,0.019622873262464147
val,6,604,604,0.8813023902475834,34.0,1326.3050656141806,2.246775467197379,2.2247670280519984,2.220321934644204,7.691420799926771,500,0.02200843914538053,0.026453532553174952
val,7,358,358,2.1773519441485405,32.0,1004.4481755138845,5.478320910644063,5.498738984246505,5.487752481793952,19.010132235658645,500,0.020418073602441744,0.009431571149888462
val,8,694,694,2.030981255695224,56.0,968.1992554861262,5.136146415358503,5.128769796684376,5.118522494146233,17.731082039090893,500,0.007376618674126867,0.01762392121227041
val,9,489,489,-2.623276362195611,45.0,1024.4744970335894,6.609387263582003,6.626329024185933,6.613089592329972,22.908414337840927,500,0.016941760603930156,0.0037023287479689415
val,10,233,233,-0.3384149204939604,27.0,978.0123913942222,0.812403840463596,0.8542399771802082,0.8525332022939573,2.95326164302506,500,0.04183613671661213,0.04012936183036131
val,11,109,109,-2.383018344640732,35.0,837.449827508864,6.013318551349163,6.0187076385930345,6.006682236692335,20.807757637745176,500,0.005389087243871771,0.006636314656828013
val,12,896,896,-1.752508319914341,55.0,884.992562001248,4.42318392111384,4.425077632168665,4.416236309385778,15.29829133217327,500,0.0018937110548247205,0.006947611728062242
val,13,412,412,-1.512436168268323,27.0,1061.136304648547,3.814708376796318,3.81859220969929,3.8109626472128078,13.20156186143954,500,0.0038838329029720065,0.003745729583510382
val,14,291,291,-1.0161754600703716,38.0,956.1594501825649,2.555777768116782,2.565308387928406,2.5601828915234526,8.868733689574439,500,0.009530619811624064,0.00440512340667043
val,15,181,181,1.1216964069753885,57.0,1107.2335869463684,2.8495613697550013,2.831758135015615,2.826100270951778,9.7898985131453,500,0.017803234739386387,0.023461098803223113
val,16,587,587,-0.09829432144761086,52.0,934.7699476466298,0.0,0.24811567034622778,0.24761993424589904,0.8577806141615234,500,0.24811567034622778,0.24761993424589904
val,17,806,806,0.016210617497563362,41.0,1068.3602418417113,0.0,0.040918990327599845,0.04083723402149437,0.1414643283316171,500,0.040918990327599845,0.04083723402149437
val,18,405,405,-1.512436168268323,27.0,1061.136304648547,3.814708376796318,3.81859220969929,3.8109626472128078,13.20156186143954,500,0.0038838329029720065,0.003745729583510382
val,19,391,391,-1.512436168268323,27.0,1061.136304648547,3.814708376796318,3.81859220969929,3.8109626472128078,13.20156186143954,500,0.0038838329029720065,0.003745729583510382
val,20,165,165,2.8547291960567236,42.0,919.7201638302063,7.193608274016594,7.211902369097676,7.197492959359795,24.932846985460877,500,0.018294095081082595,0.0038846853432010775
val,21,449,449,-0.5289448779076338,46.0,1170.8200616444983,1.3564659966250536,1.3352054398039341,1.3325376940023794,4.616045978025581,500,0.021260556821119492,0.023928302622674202
val,22,814,814,1.4409676976501942,50.0,1048.5982172128001,3.639780213144744,3.6380709306592043,3.630802050409248,12.577467247068146,500,0.0017092824855398092,0.00897816273549612
val,23,209,209,1.1216964069753885,57.0,1107.2335869463684,2.8495613697550013,2.831758135015615,2.826100270951778,9.7898985131453,500,0.017803234739386387,0.023461098803223113
val,24,401,401,-1.512436168268323,27.0,1061.136304648547,3.814708376796318,3.81859220969929,3.8109626472128078,13.20156186143954,500,0.0038838329029720065,0.003745729583510382
val,25,649,649,2.708178162574768,48.0,991.9683991854686,6.836224396551066,6.841103540851872,6.8274349886538,23.650928571443643,500,0.004879144300805827,0.008789407897266344
val,26,473,473,1.2944597695022821,39.0,905.1962001752855,3.271696807468565,3.26804326129036,3.2615136978016985,11.298214868348772,500,0.0036535461782047918,0.010183109666866308
val,27,149,149,-2.0719126481562853,43.0,1387.9696257752187,5.238702129344634,5.232221761902989,5.221767761925151,18.08873413795917,500,0.00648036744164493,0.0169343674194824
val,28,923,923,2.51784847676754,30.0,1184.6751494557973,6.357987102849455,6.359670531081693,6.346963883959991,21.9865278416468,500,0.0016834282322379934,0.01102321888946367
val,29,70,70,1.594426967203617,51.0,1208.3555305629695,4.029888335921977,4.0257063808219415,4.01766300339434,13.917592899137533,500,0.004181955100035495,0.012225332527637356
val,30,255,255,0.25642428919672966,47.0,1272.896189632999,0.7429670248402684,0.6472728621250178,0.6459796083612763,2.2377390046703516,500,0.09569416271525066,0.09698741647899212
val,31,37,37,0.423505749553442,30.0,1037.1168055502942,1.1366617790706257,1.0690365629974325,1.0669006236748189,3.695852173663418,500,0.06762521607319316,0.06976115539580685
val,32,428,428,-0.5289448779076338,46.0,1170.8200616444983,1.3564659966250536,1.3352054398039341,1.3325376940023794,4.616045978025581,500,0.021260556821119492,0.023928302622674202
val,33,566,566,-1.3589656110852957,26.0,1226.1413359472049,3.4449963715510648,3.430956849922657,3.4241017844332284,11.861436521851214,500,0.014039521628407936,0.020894587117836316
val,34,318,318,-2.9368241876363754,53.0,1080.6582436220501,7.410263153222023,7.419657568105994,7.4048330626507175,25.651094172153794,500,0.00939441488397108,0.0054300905713056125
val,35,681,681,-1.9254490658640862,36.0,1094.309315771885,4.853040284192993,4.862066597880943,4.852352169399225,16.809040987233043,500,0.009026313687950704,0.0006881147937676246
val,36,739,739,-2.790180439129472,29.0,1248.3131362997372,7.048971556191726,7.04857176082572,7.034488686295511,24.36818361986454,500,0.00039979536600665,0.014482869896215611
val,37,322,322,-2.9368241876363754,53.0,1080.6582436220501,7.410263153222023,7.419657568105994,7.4048330626507175,25.651094172153794,500,0.00939441488397108,0.0054300905713056125
val,38,951,951,-0.23930319026112556,50.0,808.8657880165803,0.7211102550927979,0.6040548181747188,0.6028479142354035,2.088326433385288,500,0.11705543691807907,0.1182623408573944
val,39,914,914,2.51784847676754,30.0,1184.6751494557973,6.357987102849455,6.359670531081693,6.346963883959991,21.9865278416468,500,0.0016834282322379934,0.01102321888946367
val,40,158,158,2.8547291960567236,42.0,919.7201638302063,7.193608274016594,7.211902369097676,7.197492959359795,24.932846985460877,500,0.018294095081082595,0.0038846853432010775
val,41,959,959,-0.23930319026112556,50.0,808.8657880165803,0.7211102550927979,0.6040548181747188,0.6028479142354035,2.088326433385288,500,0.11705543691807907,0.1182623408573944
val,42,95,95,-2.383018344640732,35.0,837.449827508864,6.013318551349163,6.0187076385930345,6.006682236692335,20.807757637745176,500,0.005389087243871771,0.006636314656828013
val,43,348,348,2.1773519441485405,32.0,1004.4481755138845,5.478320910644063,5.498738984246505,5.487752481793952,19.010132235658645,500,0.020418073602441744,0.009431571149888462
val,44,487,487,-2.623276362195611,45.0,1024.4744970335894,6.609387263582003,6.626329024185933,6.613089592329972,22.908414337840927,500,0.016941760603930156,0.0037023287479689415
val,45,175,175,2.8547291960567236,42.0,919.7201638302063,7.193608274016594,7.211902369097676,7.197492959359795,24.932846985460877,500,0.018294095081082595,0.0038846853432010775
val,46,341,341,2.1773519441485405,32.0,1004.4481755138845,5.478320910644063,5.498738984246505,5.487752481793952,19.010132235658645,500,0.020418073602441744,0.009431571149888462
val,47,773,773,-0.7758746948093176,44.0,1017.3962191231344,1.9544820285692064,1.9585897341313607,1.9546764640199357,6.771197896083213,500,0.00410770556215434,0.00019443545072928003
val,48,186,186,1.1216964069753885,57.0,1107.2335869463684,2.8495613697550013,2.831758135015615,2.826100270951778,9.7898985131453,500,0.017803234739386387,0.023461098803223113
val,49,886,886,-1.752508319914341,55.0,884.992562001248,4.388532328694867,4.425077632168665,4.416236309385778,15.29829133217327,500,0.036545303473797475,0.027703980690910512
val,50,263,263,0.25642428919672966,47.0,1272.896189632999,0.7429670248402684,0.6472728621250178,0.6459796083612763,2.2377390046703516,500,0.09569416271525066,0.09698741647899212
val,51,411,411,-1.512436168268323,27.0,1061.136304648547,3.814708376796318,3.81859220969929,3.8109626472128078,13.20156186143954,500,0.0038838329029720065,0.003745729583510382
val,52,257,257,0.25642428919672966,47.0,1272.896189632999,0.7429670248402684,0.6472728621250178,0.6459796083612763,2.2377390046703516,500,0.09569416271525066,0.09698741647899212
val,53,780,780,0.016210617497563362,41.0,1068.3602418417113,0.0,0.040918990327599845,0.04083723402149437,0.1414643283316171,500,0.040918990327599845,0.04083723402149437
val,54,316,316,-2.9368241876363754,53.0,1080.6582436220501,7.410263153222023,7.419657568105994,7.4048330626507175,25.651094172153794,500,0.00939441488397108,0.0054300905713056125
val,55,251,251,0.25642428919672966,47.0,1272.896189632999,0.7429670248402684,0.6472728621250178,0.6459796083612763,2.2377390046703516,500,0.09569416271525066,0.09698741647899212
val,56,907,907,2.51784847676754,30.0,1184.6751494557973,6.357987102849455,6.359670531081693,6.346963883959991,21.9865278416468,500,0.0016834282322379934,0.01102321888946367
val,57,600,600,0.8813023902475834,34.0,1326.3050656141806,2.246775467197379,2.2247670280519984,2.220321934644204,7.691420799926771,500,0.02200843914538053,0.026453532553174952
val,58,506,506,-2.623276362195611,45.0,1024.4744970335894,6.609387263582003,6.626329024185933,6.613089592329972,22.908414337840927,500,0.016941760603930156,0.0037023287479689415
val,59,78,78,1.594426967203617,51.0,1208.3555305629695,4.029888335921977,4.0257063808219415,4.01766300339434,13.917592899137533,500,0.004181955100035495,0.012225332527637356
val,60,240,240,0.25642428919672966,47.0,1272.896189632999,0.7429670248402684,0.6472728621250178,0.6459796083612763,2.2377390046703516,500,0.09569416271525066,0.09698741647899212
val,61,376,376,2.2774975653737783,58.0,1113.89350919252,5.752912305954263,5.751909977223866,5.740417638116174,19.88539001176349,500,0.001002328730397295,0.012494667838089057
val,62,214,214,-0.3384149204939604,27.0,978.0123913942222,0.812403840463596,0.8542399771802082,0.8525332022939573,2.95326164302506,500,0.04183613671661213,0.04012936183036131
val,63,549,549,-1.3589656110852957,26.0,1226.1413359472049,3.4449963715510648,3.430956849922657,3.4241017844332284,11.861436521851214,500,0.014039521628407936,0.020894587117836316
val,64,418,418,-1.512436168268323,27.0,1061.136304648547,3.814708376796318,3.81859220969929,3.8109626472128078,13.20156186143954,500,0.0038838329029720065,0.003745729583510382
val,65,850,850,-0.6753600127995014,36.0,1127.6986769787854,1.7515707236649054,1.7048288897702601,1.701422634839392,5.893900897379072,500,0.04674183389464526,0.05014808882551347
val,66,270,270,-1.0161754600703716,38.0,956.1594501825649,2.555777768116782,2.565308387928406,2.5601828915234526,8.868733689574439,500,0.009530619811624064,0.00440512340667043
val,67,13,13,-1.2123646102845669,54.0,1143.255911211728,3.0665942020423897,3.0607186697589674,3.0546033416322422,10.581456369353432,500,0.005875532283422302,0.01199086041014752
val,68,492,492,-2.623276362195611,45.0,1024.4744970335894,6.609387263582003,6.626329024185933,6.613089592329972,22.908414337840927,500,0.016941760603930156,0.0037023287479689415
val,69,161,161,2.8547291960567236,42.0,919.7201638302063,7.193608274016594,7.211902369097676,7.197492959359795,24.932846985460877,500,0.018294095081082595,0.0038846853432010775
val,70,392,392,-1.512436168268323,27.0,1061.136304648547,3.814708376796318,3.81859220969929,3.8109626472128078,13.20156186143954,500,0.0038838329029720065,0.003745729583510382
val,71,216,216,-0.3384149204939604,27.0,978.0123913942222,0.812403840463596,0.8542399771802082,0.8525332022939573,2.95326164302506,500,0.04183613671661213,0.04012936183036131
val,72,207,207,1.1216964069753885,57.0,1107.2335869463684,2.8495613697550013,2.831758135015615,2.826100270951778,9.7898985131453,500,0.017803234739386387,0.023461098803223113
val,73,606,606,0.8813023902475834,34.0,1326.3050656141806,2.246775467197379,2.2247670280519984,2.220321934644204,7.691420799926771,500,0.02200843914538053,0.026453532553174952
val,74,685,685,-1.9254490658640862,36.0,1094.309315771885,4.853040284192993,4.862066597880943,4.852352169399225,16.809040987233043,500,0.009026313687950704,0.0006881147937676246
val,75,112,112,-2.383018344640732,35.0,837.449827508864,6.013318551349163,6.0187076385930345,6.006682236692335,20.807757637745176,500,0.005389087243871771,0.006636314656828013
val,76,507,507,-2.623276362195611,45.0,1024.4744970335894,6.609387263582003,6.626329024185933,6.613089592329972,22.908414337840927,500,0.016941760603930156,0.0037023287479689415
val,77,18,18,-1.2123646102845669,54.0,1143.255911211728,3.0665942020423897,3.0607186697589674,3.0546033416322422,10.581456369353432,500,0.005875532283422302,0.01199086041014752
val,78,665,665,-1.9254490658640862,36.0,1094.309315771885,4.853040284192993,4.862066597880943,4.852352169399225,16.809040987233043,500,0.009026313687950704,0.0006881147937676246
val,79,523,523,1.8345918338745832,39.0,1158.8388332111074,4.642843956025229,4.632476789891135,4.623221082762765,16.015307619937413,500,0.010367166134093608,0.019622873262464147
val,80,157,157,2.8547291960567236,42.0,919.7201638302063,7.193608274016594,7.211902369097676,7.197492959359795,24.932846985460877,500,0.018294095081082595,0.0038846853432010775
val,81,205,205,1.1216964069753885,57.0,1107.2335869463684,2.8495613697550013,2.831758135015615,2.826100270951778,9.7898985131453,500,0.017803234739386387,0.023461098803223113
val,82,335,335,2.1773519441485405,32.0,1004.4481755138845,5.478320910644063,5.498738984246505,5.487752481793952,19.010132235658645,500,0.020418073602441744,0.009431571149888462
val,83,458,458,1.2944597695022821,39.0,905.1962001752855,3.271696807468565,3.26804326129036,3.2615136978016985,11.298214868348772,500,0.0036535461782047918,0.010183109666866308
val,84,223,223,-0.3384149204939604,27.0,978.0123913942222,0.812403840463596,0.8542399771802082,0.8525332022939573,2.95326164302506,500,0.04183613671661213,0.04012936183036131
val,85,894,894,-1.752508319914341,55.0,884.992562001248,4.3666788294996,4.425077632168665,4.416236309385778,15.29829133217327,500,0.05839880266906494,0.04955747988617798
val,86,578,578,-0.09829432144761086,52.0,934.7699476466298,0.0,0.24811567034622778,0.24761993424589904,0.8577806141615234,500,0.24811567034622778,0.24761993424589904
val,87,521,521,1.8345918338745832,39.0,1158.8388332111074,4.646069736885145,4.632476789891135,4.623221082762765,16.015307619937413,500,0.01359294699400948,0.02284865412238002
val,88,362,362,2.2774975653737783,58.0,1113.89350919252,5.752912305954263,5.751909977223866,5.740417638116174,19.88539001176349,500,0.001002328730397295,0.012494667838089057
val,89,861,861,-0.6753600127995014,36.0,1127.6986769787854,1.7515707236649054,1.7048288897702601,1.701422634839392,5.893900897379072,500,0.04674183389464526,0.05014808882551347
val,90,510,510,1.8345918338745832,39.0,1158.8388332111074,4.640032327473593,4.632476789891135,4.623221082762765,16.015307619937413,500,0.007555537582457639,0.016811244710828177
val,91,571,571,-0.09829432144761086,52.0,934.7699476466298,0.0,0.24811567034622778,0.24761993424589904,0.8577806141615234,500,0.24811567034622778,0.24761993424589904
val,92,885,885,-1.752508319914341,55.0,884.992562001248,4.403605795254611,4.425077632168665,4.416236309385778,15.29829133217327,500,0.021471836914053632,0.01263051413116667
val,93,407,407,-1.512436168268323,27.0,1061.136304648547,3.814708376796318,3.81859220969929,3.8109626472128078,13.20156186143954,500,0.0038838329029720065,0.003745729583510382
val,94,789,789,0.016210617497563362,41.0,1068.3602418417113,0.0,0.040918990327599845,0.04083723402149437,0.1414643283316171,500,0.040918990327599845,0.04083723402149437
val,95,4,4,-1.2123646102845669,54.0,1143.255911211728,3.0665942020423897,3.0607186697589674,3.0546033416322422,10.581456369353432,500,0.005875532283422302,0.01199086041014752
val,96,94,94,-2.383018344640732,35.0,837.449827508864,6.013318551349163,6.0187076385930345,6.006682236692335,20.807757637745176,500,0.005389087243871771,0.006636314656828013
val,97,560,560,-1.3589656110852957,26.0,1226.1413359472049,3.4449963715510648,3.430956849922657,3.4241017844332284,11.861436521851214,500,0.014039521628407936,0.020894587117836316
val,98,481,481,-2.623276362195611,45.0,1024.4744970335894,6.609387263582003,6.626329024185933,6.613089592329972,22.908414337840927,500,0.016941760603930156,0.0037023287479689415
val,99,499,499,-2.623276362195611,45.0,1024.4744970335894,6.609387263582003,6.626329024185933,6.613089592329972,22.908414337840927,500,0.016941760603930156,0.0037023287479689415
val,100,323,323,-2.9368241876363754,53.0,1080.6582436220501,7.410263153222023,7.419657568105994,7.4048330626507175,25.651094172153794,500,0.00939441488397108,0.0054300905713056125
val,101,93,93,-2.383018344640732,35.0,837.449827508864,6.013318551349163,6.0187076385930345,6.006682236692335,20.807757637745176,500,0.005389087243871771,0.006636314656828013
val,102,811,811,1.4409676976501942,50.0,1048.5982172128001,3.639780213144744,3.6380709306592043,3.630802050409248,12.577467247068146,500,0.0017092824855398092,0.00897816273549612
val,103,819,819,1.4409676976501942,50.0,1048.5982172128001,3.639780213144744,3.6380709306592043,3.630802050409248,12.577467247068146,500,0.0017092824855398092,0.00897816273549612
val,104,763,763,-0.7758746948093176,44.0,1017.3962191231344,1.9544820285692064,1.9585897341313607,1.9546764640199357,6.771197896083213,500,0.00410770556215434,0.00019443545072928003
val,105,389,389,2.2774975653737783,58.0,1113.89350919252,5.752912305954263,5.751909977223866,5.740417638116174,19.88539001176349,500,0.001002328730397295,0.012494667838089057
val,106,397,397,-1.512436168268323,27.0,1061.136304648547,3.814708376796318,3.81859220969929,3.8109626472128078,13.20156186143954,500,0.0038838329029720065,0.003745729583510382
val,107,564,564,-1.3589656110852957,26.0,1226.1413359472049,3.4449963715510648,3.430956849922657,3.4241017844332284,11.861436521851214,500,0.014039521628407936,0.020894587117836316
val,108,32,32,0.423505749553442,30.0,1037.1168055502942,1.1366617790706257,1.0690365629974325,1.0669006236748189,3.695852173663418,500,0.06762521607319316,0.06976115539580685
val,109,386,386,2.2774975653737783,58.0,1113.89350919252,5.752912305954263,5.751909977223866,5.740417638116174,19.88539001176349,500,0.001002328730397295,0.012494667838089057
val,110,364,364,2.2774975653737783,58.0,1113.89350919252,5.752912305954263,5.751909977223866,5.740417638116174,19.88539001176349,500,0.001002328730397295,0.012494667838089057
val,111,667,667,-1.9254490658640862,36.0,1094.309315771885,4.853040284192993,4.862066597880943,4.852352169399225,16.809040987233043,500,0.009026313687950704,0.0006881147937676246
val,112,453,453,1.2944597695022821,39.0,905.1962001752855,3.271696807468565,3.26804326129036,3.2615136978016985,11.298214868348772,500,0.0036535461782047918,0.010183109666866308
val,113,440,440,-0.5289448779076338,46.0,1170.8200616444983,1.4185908501044264,1.3352054398039341,1.3325376940023794,4.616045978025581,500,0.08338541030049229,0.086053156102047
val,114,640,640,2.708178162574768,48.0,991.9683991854686,6.843534466925698,6.841103540851872,6.8274349886538,23.650928571443643,500,0.002430926073826001,0.01609947827189817
val,115,633,633,2.708178162574768,48.0,991.9683991854686,6.85607788753891,6.841103540851872,6.8274349886538,23.650928571443643,500,0.014974346687037787,0.028642898885109958
val,116,227,227,-0.3384149204939604,27.0,978.0123913942222,0.812403840463596,0.8542399771802082,0.8525332022939573,2.95326164302506,500,0.04183613671661213,0.04012936183036131
val,117,369,369,2.2774975653737783,58.0,1113.89350919252,5.752912305954263,5.751909977223866,5.740417638116174,19.88539001176349,500,0.001002328730397295,0.012494667838089057
val,118,642,642,2.708178162574768,48.0,991.9683991854686,6.837394533007437,6.841103540851872,6.8274349886538,23.650928571443643,500,0.003709007844435064,0.009959544353637106
val,119,416,416,-1.512436168268323,27.0,1061.136304648547,3.814708376796318,3.81859220969929,3.8109626472128078,13.20156186143954,500,0.0038838329029720065,0.003745729583510382
val,120,452,452,1.2944597695022821,39.0,905.1962001752855,3.270779112077121,3.26804326129036,3.2615136978016985,11.298214868348772,500,0.002735850786760974,0.00926541427542249
val,121,81,81,1.594426967203617,51.0,1208.3555305629695,4.029888335921977,4.0257063808219415,4.01766300339434,13.917592899137533,500,0.004181955100035495,0.012225332527637356
val,122,795,795,0.016210617497563362,41.0,1068.3602418417113,0.0,0.040918990327599845,0.04083723402149437,0.1414643283316171,500,0.040918990327599845,0.04083723402149437
val,123,831,831,1.4409676976501942,50.0,1048.5982172128001,3.639780213144744,3.6380709306592043,3.630802050409248,12.577467247068146,500,0.0017092824855398092,0.00897816273549612
val,124,370,370,2.2774975653737783,58.0,1113.89350919252,5.752912305954263,5.751909977223866,5.740417638116174,19.88539001176349,500,0.001002328730397295,0.012494667838089057
val,125,311,311,-2.9368241876363754,53.0,1080.6582436220501,7.410263153222023,7.419657568105994,7.4048330626507175,25.651094172153794,500,0.00939441488397108,0.0054300905713056125
val,126,450,450,1.2944597695022821,39.0,905.1962001752855,3.271696807468565,3.26804326129036,3.2615136978016985,11.298214868348772,500,0.0036535461782047918,0.010183109666866308
val,127,52,52,0.423505749553442,30.0,1037.1168055502942,1.1366617790706257,1.0690365629974325,1.0669006236748189,3.695852173663418,500,0.06762521607319316,0.06976115539580685
val,128,878,878,-1.752508319914341,55.0,884.992562001248,4.423064548477673,4.425077632168665,4.416236309385778,15.29829133217327,500,0.002013083690991735,0.006828239091895227
val,129,342,342,2.1773519441485405,32.0,1004.4481755138845,5.478320910644063,5.498738984246505,5.487752481793952,19.010132235658645,500,0.020418073602441744,0.009431571149888462
val,130,540,540,-1.3589656110852957,26.0,1226.1413359472049,3.4449963715510648,3.430956849922657,3.4241017844332284,11.861436521851214,500,0.014039521628407936,0.020894587117836316
val,131,267,267,0.25642428919672966,47.0,1272.896189632999,0.7429670248402684,0.6472728621250178,0.6459796083612763,2.2377390046703516,500,0.09569416271525066,0.09698741647899212
val,132,721,721,-2.790180439129472,29.0,1248.3131362997372,7.048971556191726,7.04857176082572,7.034488686295511,24.36818361986454,500,0.00039979536600665,0.014482869896215611
val,133,106,106,-2.383018344640732,35.0,837.449827508864,6.013318551349163,6.0187076385930345,6.006682236692335,20.807757637745176,500,0.005389087243871771,0.006636314656828013
val,134,122,122,-2.0719126481562853,43.0,1387.9696257752187,5.238702129344634,5.232221761902989,5.221767761925151,18.08873413795917,500,0.00648036744164493,0.0169343674194824
val,135,396,396,-1.512436168268323,27.0,1061.136304648547,3.814708376796318,3.81859220969929,3.8109626472128078,13.20156186143954,500,0.0038838329029720065,0.003745729583510382
val,136,954,954,-0.23930319026112556,50.0,808.8657880165803,0.7211102550927979,0.6040548181747188,0.6028479142354035,2.088326433385288,500,0.11705543691807907,0.1182623408573944
val,137,533,533,1.8345918338745832,39.0,1158.8388332111074,4.642843956025229,4.632476789891135,4.623221082762765,16.015307619937413,500,0.010367166134093608,0.019622873262464147
val,138,730,730,-2.790180439129472,29.0,1248.3131362997372,7.048971556191726,7.04857176082572,7.034488686295511,24.36818361986454,500,0.00039979536600665,0.014482869896215611
val,139,384,384,2.2774975653737783,58.0,1113.89350919252,5.752912305954263,5.751909977223866,5.740417638116174,19.88539001176349,500,0.001002328730397295,0.012494667838089057
val,140,105,105,-2.383018344640732,35.0,837.449827508864,6.013318551349163,6.0187076385930345,6.006682236692335,20.807757637745176,500,0.005389087243871771,0.006636314656828013
val,141,266,266,0.25642428919672966,47.0,1272.896189632999,0.7429670248402684,0.6472728621250178,0.6459796083612763,2.2377390046703516,500,0.09569416271525066,0.09698741647899212
val,142,347,347,2.1773519441485405,32.0,1004.4481755138845,5.478320910644063,5.498738984246505,5.487752481793952,19.010132235658645,500,0.020418073602441744,0.009431571149888462
val,143,190,190,1.1216964069753885,57.0,1107.2335869463684,2.8495613697550013,2.831758135015615,2.826100270951778,9.7898985131453,500,0.017803234739386387,0.023461098803223113
test,144,947,947,-0.23930319026112556,50.0,808.8657880165803,0.7211102550927979,0.6040548181747188,0.6028479142354035,2.088326433385288,500,0.11705543691807907,0.1182623408573944
test,145,818,818,1.4409676976501942,50.0,1048.5982172128001,3.639780213144744,3.6380709306592043,3.630802050409248,12.577467247068146,500,0.0017092824855398092,0.00897816273549612
test,146,39,39,0.423505749553442,30.0,1037.1168055502942,1.1366617790706257,1.0690365629974325,1.0669006236748189,3.695852173663418,500,0.06762521607319316,0.06976115539580685
test,147,339,339,2.1773519441485405,32.0,1004.4481755138845,5.478320910644063,5.498738984246505,5.487752481793952,19.010132235658645,500,0.020418073602441744,0.009431571149888462
test,148,188,188,1.1216964069753885,57.0,1107.2335869463684,2.8495613697550013,2.831758135015615,2.826100270951778,9.7898985131453,500,0.017803234739386387,0.023461098803223113
test,149,403,403,-1.512436168268323,27.0,1061.136304648547,3.814708376796318,3.81859220969929,3.8109626472128078,13.20156186143954,500,0.0038838329029720065,0.003745729583510382
test,150,525,525,1.8345918338745832,39.0,1158.8388332111074,4.642843956025229,4.632476789891135,4.623221082762765,16.015307619937413,500,0.010367166134093608,0.019622873262464147
test,151,189,189,1.1216964069753885,57.0,1107.2335869463684,2.8495613697550013,2.831758135015615,2.826100270951778,9.7898985131453,500,0.017803234739386387,0.023461098803223113
test,152,812,812,1.4409676976501942,50.0,1048.5982172128001,3.639780213144744,3.6380709306592043,3.630802050409248,12.577467247068146,500,0.0017092824855398092,0.00897816273549612
test,153,87,87,1.594426967203617,51.0,1208.3555305629695,4.029888335921977,4.0257063808219415,4.01766300339434,13.917592899137533,500,0.004181955100035495,0.012225332527637356
test,154,732,732,-2.790180439129472,29.0,1248.3131362997372,7.048971556191726,7.04857176082572,7.034488686295511,24.36818361986454,500,0.00039979536600665,0.014482869896215611
test,155,483,483,-2.623276362195611,45.0,1024.4744970335894,6.609387263582003,6.626329024185933,6.613089592329972,22.908414337840927,500,0.016941760603930156,0.0037023287479689415
test,156,5,5,-1.2123646102845669,54.0,1143.255911211728,3.0665942020423897,3.0607186697589674,3.0546033416322422,10.581456369353432,500,0.005875532283422302,0.01199086041014752
test,157,597,597,-0.09829432144761086,52.0,934.7699476466298,0.0,0.24811567034622778,0.24761993424589904,0.8577806141615234,500,0.24811567034622778,0.24761993424589904
test,158,699,699,2.030981255695224,56.0,968.1992554861262,5.136146415358503,5.128769796684376,5.118522494146233,17.731082039090893,500,0.007376618674126867,0.01762392121227041
test,159,917,917,2.51784847676754,30.0,1184.6751494557973,6.357987102849455,6.359670531081693,6.346963883959991,21.9865278416468,500,0.0016834282322379934,0.01102321888946367
test,160,442,442,-0.5289448779076338,46.0,1170.8200616444983,1.349801466883186,1.3352054398039341,1.3325376940023794,4.616045978025581,500,0.014596027079251783,0.017263772880806494
test,161,859,859,-0.6753600127995014,36.0,1127.6986769787854,1.7515707236649054,1.7048288897702601,1.701422634839392,5.893900897379072,500,0.04674183389464526,0.05014808882551347
test,162,385,385,2.2774975653737783,58.0,1113.89350919252,5.752912305954263,5.751909977223866,5.740417638116174,19.88539001176349,500,0.001002328730397295,0.012494667838089057
test,163,332,332,2.1773519441485405,32.0,1004.4481755138845,5.478320910644063,5.498738984246505,5.487752481793952,19.010132235658645,500,0.020418073602441744,0.009431571149888462
test,164,790,790,0.016210617497563362,41.0,1068.3602418417113,0.0,0.040918990327599845,0.04083723402149437,0.1414643283316171,500,0.040918990327599845,0.04083723402149437
test,165,359,359,2.1773519441485405,32.0,1004.4481755138845,5.478320910644063,5.498738984246505,5.487752481793952,19.010132235658645,500,0.020418073602441744,0.009431571149888462
test,166,590,590,-0.09829432144761086,52.0,934.7699476466298,0.0,0.24811567034622778,0.24761993424589904,0.8577806141615234,500,0.24811567034622778,0.24761993424589904
test,167,504,504,-2.623276362195611,45.0,1024.4744970335894,6.609387263582003,6.626329024185933,6.613089592329972,22.908414337840927,500,0.016941760603930156,0.0037023287479689415
test,168,926,926,2.51784847676754,30.0,1184.6751494557973,6.357987102849455,6.359670531081693,6.346963883959991,21.9865278416468,500,0.0016834282322379934,0.01102321888946367
test,169,375,375,2.2774975653737783,58.0,1113.89350919252,5.752912305954263,5.751909977223866,5.740417638116174,19.88539001176349,500,0.001002328730397295,0.012494667838089057
test,170,114,114,-2.383018344640732,35.0,837.449827508864,6.013318551349163,6.0187076385930345,6.006682236692335,20.807757637745176,500,0.005389087243871771,0.006636314656828013
test,171,170,170,2.8547291960567236,42.0,919.7201638302063,7.193608274016594,7.211902369097676,7.197492959359795,24.932846985460877,500,0.018294095081082595,0.0038846853432010775
test,172,123,123,-2.0719126481562853,43.0,1387.9696257752187,5.238702129344634,5.232221761902989,5.221767761925151,18.08873413795917,500,0.00648036744164493,0.0169343674194824
test,173,301,301,-2.9368241876363754,53.0,1080.6582436220501,7.410263153222023,7.419657568105994,7.4048330626507175,25.651094172153794,500,0.00939441488397108,0.0054300905713056125
test,174,615,615,0.8813023902475834,34.0,1326.3050656141806,2.246775467197379,2.2247670280519984,2.220321934644204,7.691420799926771,500,0.02200843914538053,0.026453532553174952
test,175,602,602,0.8813023902475834,34.0,1326.3050656141806,2.246775467197379,2.2247670280519984,2.220321934644204,7.691420799926771,500,0.02200843914538053,0.026453532553174952
test,176,711,711,2.030981255695224,56.0,968.1992554861262,5.136146415358503,5.128769796684376,5.118522494146233,17.731082039090893,500,0.007376618674126867,0.01762392121227041
test,177,786,786,0.016210617497563362,41.0,1068.3602418417113,0.0,0.040918990327599845,0.04083723402149437,0.1414643283316171,500,0.040918990327599845,0.04083723402149437
test,178,884,884,-1.752508319914341,55.0,884.992562001248,4.4076315635497485,4.425077632168665,4.416236309385778,15.29829133217327,500,0.0174460686189164,0.008604745836029437
test,179,508,508,-2.623276362195611,45.0,1024.4744970335894,6.609387263582003,6.626329024185933,6.613089592329972,22.908414337840927,500,0.016941760603930156,0.0037023287479689415
test,180,718,718,2.030981255695224,56.0,968.1992554861262,5.136146415358503,5.128769796684376,5.118522494146233,17.731082039090893,500,0.007376618674126867,0.01762392121227041
test,181,599,599,-0.09829432144761086,52.0,934.7699476466298,0.0,0.24811567034622778,0.24761993424589904,0.8577806141615234,500,0.24811567034622778,0.24761993424589904
test,182,221,221,-0.3384149204939604,27.0,978.0123913942222,0.812403840463596,0.8542399771802082,0.8525332022939573,2.95326164302506,500,0.04183613671661213,0.04012936183036131
test,183,654,654,2.708178162574768,48.0,991.9683991854686,6.836226737023868,6.841103540851872,6.8274349886538,23.650928571443643,500,0.004876803828004483,0.008791748370067687
test,184,111,111,-2.383018344640732,35.0,837.449827508864,6.013318551349163,6.0187076385930345,6.006682236692335,20.807757637745176,500,0.005389087243871771,0.006636314656828013
test,185,475,475,1.2944597695022821,39.0,905.1962001752855,3.271696807468565,3.26804326129036,3.2615136978016985,11.298214868348772,500,0.0036535461782047918,0.010183109666866308
test,186,484,484,-2.623276362195611,45.0,1024.4744970335894,6.609387263582003,6.626329024185933,6.613089592329972,22.908414337840927,500,0.016941760603930156,0.0037023287479689415
test,187,329,329,-2.9368241876363754,53.0,1080.6582436220501,7.410263153222023,7.419657568105994,7.4048330626507175,25.651094172153794,500,0.00939441488397108,0.0054300905713056125
test,188,279,279,-1.0161754600703716,38.0,956.1594501825649,2.555777768116782,2.565308387928406,2.5601828915234526,8.868733689574439,500,0.009530619811624064,0.00440512340667043
test,189,277,277,-1.0161754600703716,38.0,956.1594501825649,2.555777768116782,2.565308387928406,2.5601828915234526,8.868733689574439,500,0.009530619811624064,0.00440512340667043
test,190,349,349,2.1773519441485405,32.0,1004.4481755138845,5.478320910644063,5.498738984246505,5.487752481793952,19.010132235658645,500,0.020418073602441744,0.009431571149888462
test,191,920,920,2.51784847676754,30.0,1184.6751494557973,6.357987102849455,6.359670531081693,6.346963883959991,21.9865278416468,500,0.0016834282322379934,0.01102321888946367
test,192,187,187,1.1216964069753885,57.0,1107.2335869463684,2.8495613697550013,2.831758135015615,2.826100270951778,9.7898985131453,500,0.017803234739386387,0.023461098803223113
test,193,65,65,1.594426967203617,51.0,1208.3555305629695,4.029888335921977,4.0257063808219415,4.01766300339434,13.917592899137533,500,0.004181955100035495,0.012225332527637356
test,194,936,936,-0.23930319026112556,50.0,808.8657880165803,0.7211102550927979,0.6040548181747188,0.6028479142354035,2.088326433385288,500,0.11705543691807907,0.1182623408573944
test,195,611,611,0.8813023902475834,34.0,1326.3050656141806,2.246775467197379,2.2247670280519984,2.220321934644204,7.691420799926771,500,0.02200843914538053,0.026453532553174952
test,196,583,583,-0.09829432144761086,52.0,934.7699476466298,0.0,0.24811567034622778,0.24761993424589904,0.8577806141615234,500,0.24811567034622778,0.24761993424589904
test,197,913,913,2.51784847676754,30.0,1184.6751494557973,6.357987102849455,6.359670531081693,6.346963883959991,21.9865278416468,500,0.0016834282322379934,0.01102321888946367
test,198,69,69,1.594426967203617,51.0,1208.3555305629695,4.029888335921977,4.0257063808219415,4.01766300339434,13.917592899137533,500,0.004181955100035495,0.012225332527637356
test,199,410,410,-1.512436168268323,27.0,1061.136304648547,3.814708376796318,3.81859220969929,3.8109626472128078,13.20156186143954,500,0.0038838329029720065,0.003745729583510382
test,200,689,689,-1.9254490658640862,36.0,1094.309315771885,4.853040284192993,4.862066597880943,4.852352169399225,16.809040987233043,500,0.009026313687950704,0.0006881147937676246
test,201,637,637,2.708178162574768,48.0,991.9683991854686,6.834616594952492,6.841103540851872,6.8274349886538,23.650928571443643,500,0.006486945899379926,0.007181606298692245
test,202,177,177,2.8547291960567236,42.0,919.7201638302063,7.193608274016594,7.211902369097676,7.197492959359795,24.932846985460877,500,0.018294095081082595,0.0038846853432010775
test,203,736,736,-2.790180439129472,29.0,1248.3131362997372,7.048971556191726,7.04857176082572,7.034488686295511,24.36818361986454,500,0.00039979536600665,0.014482869896215611
test,204,944,944,-0.23930319026112556,50.0,808.8657880165803,0.7211102550927979,0.6040548181747188,0.6028479142354035,2.088326433385288,500,0.11705543691807907,0.1182623408573944
test,205,117,117,-2.383018344640732,35.0,837.449827508864,6.013318551349163,6.0187076385930345,6.006682236692335,20.807757637745176,500,0.005389087243871771,0.006636314656828013
test,206,586,586,-0.09829432144761086,52.0,934.7699476466298,0.0,0.24811567034622778,0.24761993424589904,0.8577806141615234,500,0.24811567034622778,0.24761993424589904
test,207,372,372,2.2774975653737783,58.0,1113.89350919252,5.752912305954263,5.751909977223866,5.740417638116174,19.88539001176349,500,0.001002328730397295,0.012494667838089057
test,208,10,10,-1.2123646102845669,54.0,1143.255911211728,3.0665942020423897,3.0607186697589674,3.0546033416322422,10.581456369353432,500,0.005875532283422302,0.01199086041014752
test,209,628,628,0.8813023902475834,34.0,1326.3050656141806,2.246775467197379,2.2247670280519984,2.220321934644204,7.691420799926771,500,0.02200843914538053,0.026453532553174952
test,210,893,893,-1.752508319914341,55.0,884.992562001248,4.434780265131521,4.425077632168665,4.416236309385778,15.29829133217327,500,0.009702632962856228,0.01854395574574319
test,211,669,669,-1.9254490658640862,36.0,1094.309315771885,4.853040284192993,4.862066597880943,4.852352169399225,16.809040987233043,500,0.009026313687950704,0.0006881147937676246
test,212,63,63,1.594426967203617,51.0,1208.3555305629695,4.029888335921977,4.0257063808219415,4.01766300339434,13.917592899137533,500,0.004181955100035495,0.012225332527637356
test,213,735,735,-2.790180439129472,29.0,1248.3131362997372,7.048971556191726,7.04857176082572,7.034488686295511,24.36818361986454,500,0.00039979536600665,0.014482869896215611
test,214,500,500,-2.623276362195611,45.0,1024.4744970335894,6.609387263582003,6.626329024185933,6.613089592329972,22.908414337840927,500,0.016941760603930156,0.0037023287479689415
test,215,1,1,-1.2123646102845669,54.0,1143.255911211728,3.0665942020423897,3.0607186697589674,3.0546033416322422,10.581456369353432,500,0.005875532283422302,0.01199086041014752
test,216,42,42,0.423505749553442,30.0,1037.1168055502942,1.1366617790706257,1.0690365629974325,1.0669006236748189,3.695852173663418,500,0.06762521607319316,0.06976115539580685
test,217,634,634,2.708178162574768,48.0,991.9683991854686,6.834178516837265,6.841103540851872,6.8274349886538,23.650928571443643,500,0.00692502401460704,0.006743528183465131
test,218,529,529,1.8345918338745832,39.0,1158.8388332111074,4.642843956025229,4.632476789891135,4.623221082762765,16.015307619937413,500,0.010367166134093608,0.019622873262464147
test,219,167,167,2.8547291960567236,42.0,919.7201638302063,7.193608274016594,7.211902369097676,7.197492959359795,24.932846985460877,500,0.018294095081082595,0.0038846853432010775
test,220,809,809,0.016210617497563362,41.0,1068.3602418417113,0.0,0.040918990327599845,0.04083723402149437,0.1414643283316171,500,0.040918990327599845,0.04083723402149437
test,221,821,821,1.4409676976501942,50.0,1048.5982172128001,3.639780213144744,3.6380709306592043,3.630802050409248,12.577467247068146,500,0.0017092824855398092,0.00897816273549612
test,222,76,76,1.594426967203617,51.0,1208.3555305629695,4.029888335921977,4.0257063808219415,4.01766300339434,13.917592899137533,500,0.004181955100035495,0.012225332527637356
test,223,313,313,-2.9368241876363754,53.0,1080.6582436220501,7.410263153222023,7.419657568105994,7.4048330626507175,25.651094172153794,500,0.00939441488397108,0.0054300905713056125
test,224,296,296,-1.0161754600703716,38.0,956.1594501825649,2.556950527483862,2.565308387928406,2.5601828915234526,8.868733689574439,500,0.00835786044454423,0.003232364039590596
test,225,502,502,-2.623276362195611,45.0,1024.4744970335894,6.609387263582003,6.626329024185933,6.613089592329972,22.908414337840927,500,0.016941760603930156,0.0037023287479689415
test,226,490,490,-2.623276362195611,45.0,1024.4744970335894,6.609387263582003,6.626329024185933,6.613089592329972,22.908414337840927,500,0.016941760603930156,0.0037023287479689415
test,227,720,720,-2.790180439129472,29.0,1248.3131362997372,7.048971556191726,7.04857176082572,7.034488686295511,24.36818361986454,500,0.00039979536600665,0.014482869896215611
test,228,837,837,1.4409676976501942,50.0,1048.5982172128001,3.639780213144744,3.6380709306592043,3.630802050409248,12.577467247068146,500,0.0017092824855398092,0.00897816273549612
test,229,543,543,-1.3589656110852957,26.0,1226.1413359472049,3.4449963715510648,3.430956849922657,3.4241017844332284,11.861436521851214,500,0.014039521628407936,0.020894587117836316
test,230,641,641,2.708178162574768,48.0,991.9683991854686,6.8230418436354325,6.841103540851872,6.8274349886538,23.650928571443643,500,0.018061697216439576,0.004393145018367406
test,231,905,905,2.51784847676754,30.0,1184.6751494557973,6.357987102849455,6.359670531081693,6.346963883959991,21.9865278416468,500,0.0016834282322379934,0.01102321888946367
test,232,617,617,0.8813023902475834,34.0,1326.3050656141806,2.246775467197379,2.2247670280519984,2.220321934644204,7.691420799926771,500,0.02200843914538053,0.026453532553174952
test,233,290,290,-1.0161754600703716,38.0,956.1594501825649,2.555777768116782,2.565308387928406,2.5601828915234526,8.868733689574439,500,0.009530619811624064,0.00440512340667043
test,234,779,779,-0.7758746948093176,44.0,1017.3962191231344,1.9544820285692064,1.9585897341313607,1.9546764640199357,6.771197896083213,500,0.00410770556215434,0.00019443545072928003
test,235,212,212,-0.3384149204939604,27.0,978.0123913942222,0.812403840463596,0.8542399771802082,0.8525332022939573,2.95326164302506,500,0.04183613671661213,0.04012936183036131
test,236,555,555,-1.3589656110852957,26.0,1226.1413359472049,3.4449963715510648,3.430956849922657,3.4241017844332284,11.861436521851214,500,0.014039521628407936,0.020894587117836316
test,237,930,930,-0.23930319026112556,50.0,808.8657880165803,0.7211102550927979,0.6040548181747188,0.6028479142354035,2.088326433385288,500,0.11705543691807907,0.1182623408573944
test,238,672,672,-1.9254490658640862,36.0,1094.309315771885,4.853040284192993,4.862066597880943,4.852352169399225,16.809040987233043,500,0.009026313687950704,0.0006881147937676246
test,239,317,317,-2.9368241876363754,53.0,1080.6582436220501,7.410263153222023,7.419657568105994,7.4048330626507175,25.651094172153794,500,0.00939441488397108,0.0054300905713056125
test,240,57,57,0.423505749553442,30.0,1037.1168055502942,1.1366617790706257,1.0690365629974325,1.0669006236748189,3.695852173663418,500,0.06762521607319316,0.06976115539580685
test,241,791,791,0.016210617497563362,41.0,1068.3602418417113,0.0,0.040918990327599845,0.04083723402149437,0.1414643283316171,500,0.040918990327599845,0.04083723402149437
test,242,535,535,1.8345918338745832,39.0,1158.8388332111074,4.644778143248609,4.632476789891135,4.623221082762765,16.015307619937413,500,0.012301353357473843,0.02155706048584438
test,243,272,272,-1.0161754600703716,38.0,956.1594501825649,2.555774637952259,2.565308387928406,2.5601828915234526,8.868733689574439,500,0.009533749976147199,0.0044082535711935655
test,244,15,15,-1.2123646102845669,54.0,1143.255911211728,3.0665942020423897,3.0607186697589674,3.0546033416322422,10.581456369353432,500,0.005875532283422302,0.01199086041014752
test,245,432,432,-0.5289448779076338,46.0,1170.8200616444983,1.3601102896456596,1.3352054398039341,1.3325376940023794,4.616045978025581,500,0.024904849841725474,0.027572595643280184
test,246,503,503,-2.623276362195611,45.0,1024.4744970335894,6.609387263582003,6.626329024185933,6.613089592329972,22.908414337840927,500,0.016941760603930156,0.0037023287479689415
test,247,828,828,1.4409676976501942,50.0,1048.5982172128001,3.639780213144744,3.6380709306592043,3.630802050409248,12.577467247068146,500,0.0017092824855398092,0.00897816273549612
test,248,621,621,0.8813023902475834,34.0,1326.3050656141806,2.246775467197379,2.2247670280519984,2.220321934644204,7.691420799926771,500,0.02200843914538053,0.026453532553174952
test,249,137,137,-2.0719126481562853,43.0,1387.9696257752187,5.238702129344634,5.232221761902989,5.221767761925151,18.08873413795917,500,0.00648036744164493,0.0169343674194824
test,250,702,702,2.030981255695224,56.0,968.1992554861262,5.136146415358503,5.128769796684376,5.118522494146233,17.731082039090893,500,0.007376618674126867,0.01762392121227041
test,251,287,287,-1.0161754600703716,38.0,956.1594501825649,2.555777768116782,2.565308387928406,2.5601828915234526,8.868733689574439,500,0.009530619811624064,0.00440512340667043
test,252,451,451,1.2944597695022821,39.0,905.1962001752855,3.271696807468565,3.26804326129036,3.2615136978016985,11.298214868348772,500,0.0036535461782047918,0.010183109666866308
test,253,528,528,1.8345918338745832,39.0,1158.8388332111074,4.642843956025229,4.632476789891135,4.623221082762765,16.015307619937413,500,0.010367166134093608,0.019622873262464147
test,254,300,300,-2.9368241876363754,53.0,1080.6582436220501,7.410263153222023,7.419657568105994,7.4048330626507175,25.651094172153794,500,0.00939441488397108,0.0054300905713056125
test,255,752,752,-0.7758746948093176,44.0,1017.3962191231344,1.9544820285692064,1.9585897341313607,1.9546764640199357,6.771197896083213,500,0.00410770556215434,0.00019443545072928003
test,256,622,622,0.8813023902475834,34.0,1326.3050656141806,2.246775467197379,2.2247670280519984,2.220321934644204,7.691420799926771,500,0.02200843914538053,0.026453532553174952
test,257,195,195,1.1216964069753885,57.0,1107.2335869463684,2.8495613697550013,2.831758135015615,2.826100270951778,9.7898985131453,500,0.017803234739386387,0.023461098803223113
test,258,34,34,0.423505749553442,30.0,1037.1168055502942,1.1366617790706257,1.0690365629974325,1.0669006236748189,3.695852173663418,500,0.06762521607319316,0.06976115539580685
test,259,286,286,-1.0161754600703716,38.0,956.1594501825649,2.555777768116782,2.565308387928406,2.5601828915234526,8.868733689574439,500,0.009530619811624064,0.00440512340667043
test,260,314,314,-2.9368241876363754,53.0,1080.6582436220501,7.410263153222023,7.419657568105994,7.4048330626507175,25.651094172153794,500,0.00939441488397108,0.0054300905713056125
test,261,547,547,-1.3589656110852957,26.0,1226.1413359472049,3.4449963715510648,3.430956849922657,3.4241017844332284,11.861436521851214,500,0.014039521628407936,0.020894587117836316
test,262,333,333,2.1773519441485405,32.0,1004.4481755138845,5.478320910644063,5.498738984246505,5.487752481793952,19.010132235658645,500,0.020418073602441744,0.009431571149888462
test,263,182,182,1.1216964069753885,57.0,1107.2335869463684,2.8495613697550013,2.831758135015615,2.826100270951778,9.7898985131453,500,0.017803234739386387,0.023461098803223113
test,264,49,49,0.423505749553442,30.0,1037.1168055502942,1.1366617790706257,1.0690365629974325,1.0669006236748189,3.695852173663418,500,0.06762521607319316,0.06976115539580685
test,265,518,518,1.8345918338745832,39.0,1158.8388332111074,4.642843956025229,4.632476789891135,4.623221082762765,16.015307619937413,500,0.010367166134093608,0.019622873262464147
test,266,102,102,-2.383018344640732,35.0,837.449827508864,6.013318551349163,6.0187076385930345,6.006682236692335,20.807757637745176,500,0.005389087243871771,0.006636314656828013
test,267,687,687,-1.9254490658640862,36.0,1094.309315771885,4.853040284192993,4.862066597880943,4.852352169399225,16.809040987233043,500,0.009026313687950704,0.0006881147937676246
test,268,651,651,2.708178162574768,48.0,991.9683991854686,6.836080748499099,6.841103540851872,6.8274349886538,23.650928571443643,500,0.005022792352773031,0.008645759845299139
test,269,41,41,0.423505749553442,30.0,1037.1168055502942,1.1366617790706257,1.0690365629974325,1.0669006236748189,3.695852173663418,500,0.06762521607319316,0.06976115539580685
test,270,553,553,-1.3589656110852957,26.0,1226.1413359472049,3.4449963715510648,3.430956849922657,3.4241017844332284,11.861436521851214,500,0.014039521628407936,0.020894587117836316
test,271,366,366,2.2774975653737783,58.0,1113.89350919252,5.752912305954263,5.751909977223866,5.740417638116174,19.88539001176349,500,0.001002328730397295,0.012494667838089057
test,272,534,534,1.8345918338745832,39.0,1158.8388332111074,4.642843956025229,4.632476789891135,4.623221082762765,16.015307619937413,500,0.010367166134093608,0.019622873262464147
test,273,275,275,-1.0161754600703716,38.0,956.1594501825649,2.555777768116782,2.565308387928406,2.5601828915234526,8.868733689574439,500,0.009530619811624064,0.00440512340667043
test,274,675,675,-1.9254490658640862,36.0,1094.309315771885,4.853040284192993,4.862066597880943,4.852352169399225,16.809040987233043,500,0.009026313687950704,0.0006881147937676246
test,275,832,832,1.4409676976501942,50.0,1048.5982172128001,3.639780213144744,3.6380709306592043,3.630802050409248,12.577467247068146,500,0.0017092824855398092,0.00897816273549612
test,276,303,303,-2.9368241876363754,53.0,1080.6582436220501,7.410263153222023,7.419657568105994,7.4048330626507175,25.651094172153794,500,0.00939441488397108,0.0054300905713056125
test,277,113,113,-2.383018344640732,35.0,837.449827508864,6.013318551349163,6.0187076385930345,6.006682236692335,20.807757637745176,500,0.005389087243871771,0.006636314656828013
test,278,749,749,-2.790180439129472,29.0,1248.3131362997372,7.048971556191726,7.04857176082572,7.034488686295511,24.36818361986454,500,0.00039979536600665,0.014482869896215611
test,279,908,908,2.51784847676754,30.0,1184.6751494557973,6.357987102849455,6.359670531081693,6.346963883959991,21.9865278416468,500,0.0016834282322379934,0.01102321888946367
test,280,437,437,-0.5289448779076338,46.0,1170.8200616444983,1.3504606621445883,1.3352054398039341,1.3325376940023794,4.616045978025581,500,0.015255222340654129,0.01792296814220884
test,281,491,491,-2.623276362195611,45.0,1024.4744970335894,6.609387263582003,6.626329024185933,6.613089592329972,22.908414337840927,500,0.016941760603930156,0.0037023287479689415
test,282,526,526,1.8345918338745832,39.0,1158.8388332111074,4.642843956025229,4.632476789891135,4.623221082762765,16.015307619937413,500,0.010367166134093608,0.019622873262464147
test,283,141,141,-2.0719126481562853,43.0,1387.9696257752187,5.238702129344634,5.232221761902989,5.221767761925151,18.08873413795917,500,0.00648036744164493,0.0169343674194824
test,284,706,706,2.030981255695224,56.0,968.1992554861262,5.136146415358503,5.128769796684376,5.118522494146233,17.731082039090893,500,0.007376618674126867,0.01762392121227041
test,285,548,548,-1.3589656110852957,26.0,1226.1413359472049,3.4449963715510648,3.430956849922657,3.4241017844332284,11.861436521851214,500,0.014039521628407936,0.020894587117836316
test,286,609,609,0.8813023902475834,34.0,1326.3050656141806,2.246775467197379,2.2247670280519984,2.220321934644204,7.691420799926771,500,0.02200843914538053,0.026453532553174952
test,287,648,648,2.708178162574768,48.0,991.9683991854686,6.836080748499099,6.841103540851872,6.8274349886538,23.650928571443643,500,0.005022792352773031,0.008645759845299139
