domain,covariate,metric,band,spearman
iid,vs1,pearson,weighted_all,-0.0031521400951153387
iid,vs1,pearson,low,-0.2842953020134229
iid,vs1,pearson,mid,0.28466509622649894
iid,vs1,pearson,high,0.13113649495533136
iid,vs1,pearson,all,-0.0031521400951153387
iid,vs1,gof_af,weighted_all,-0.12125872260989377
iid,vs1,gof_af,low,-0.01312236099382195
iid,vs1,gof_af,mid,-0.41065825147784346
iid,vs1,gof_af,high,-0.1555286901640073
iid,vs1,gof_af,all,-0.2236134939330637
iid,H,pearson,weighted_all,0.11211342726343394
iid,H,pearson,low,0.8058793724165519
iid,H,pearson,mid,-0.19760344904217966
iid,H,pearson,high,-0.09245388683941508
iid,H,pearson,all,0.11211342726343394
iid,H,gof_af,weighted_all,-0.16164096182052537
iid,H,gof_af,low,-0.5013289479532425
iid,H,gof_af,mid,0.37662296102048987
iid,H,gof_af,high,0.1753731276945642
iid,H,gof_af,all,0.1685923818836393
iid,cov,pearson,weighted_all,-0.48952753455709147
iid,cov,pearson,low,-0.04160362682785902
iid,cov,pearson,mid,-0.3765020667585226
iid,cov,pearson,high,-0.43387706120272007
iid,cov,pearson,all,-0.48952753455709147
iid,cov,gof_af,weighted_all,0.4733739277301214
iid,cov,gof_af,low,0.14731143606382505
iid,cov,gof_af,mid,0.3802817903017912
iid,cov,gof_af,high,0.5574594426418953
iid,cov,gof_af,all,0.5789608427041203
iid,vs2,pearson,weighted_all,-0.2502280101337837
iid,vs2,pearson,low,0.031540957375883374
iid,vs2,pearson,mid,-0.1490572914351749
iid,vs2,pearson,high,-0.05589048402151207
iid,vs2,pearson,all,-0.2502280101337837
iid,vs2,gof_af,weighted_all,0.20134050402240103
iid,vs2,gof_af,low,0.10218943064136185
iid,vs2,gof_af,mid,0.17220498688830616
iid,vs2,gof_af,high,-0.042357438108360373
iid,vs2,gof_af,all,0.0741632961464954
iid,rH,pearson,weighted_all,-0.3139499533312592
iid,rH,pearson,low,-0.0439112849459976
iid,rH,pearson,mid,-0.2822400995599805
iid,rH,pearson,high,-0.2875132228099027
iid,rH,pearson,all,-0.3139499533312592
iid,rH,gof_af,weighted_all,0.27065558469265305
iid,rH,gof_af,low,0.14232988132805902
iid,rH,gof_af,mid,0.2265967376327837
iid,rH,gof_af,high,0.16449264411751632
iid,rH,gof_af,all,0.24216009600426686
iid,aHV,pearson,weighted_all,0.12409973776612294
iid,aHV,pearson,low,-0.047470554246855416
iid,aHV,pearson,mid,0.16692119649762213
iid,aHV,pearson,high,0.20219743099693321
iid,aHV,pearson,all,0.12409973776612294
iid,aHV,gof_af,weighted_all,-0.15984532645895375
iid,aHV,gof_af,low,-0.016838081692519668
iid,aHV,gof_af,mid,-0.19266811858304816
iid,aHV,gof_af,high,-0.08730165785146007
iid,aHV,gof_af,all,-0.15698297702120095
iid,f0,pearson,weighted_all,-0.08951331170274235
iid,f0,pearson,low,-0.8550015556246945
iid,f0,pearson,mid,0.28990266234054846
iid,f0,pearson,high,0.13887728343481934
iid,f0,pearson,all,-0.08951331170274235
iid,f0,gof_af,weighted_all,0.09551891195164229
iid,f0,gof_af,low,0.44265611804969107
iid,f0,gof_af,mid,-0.4837032757011423
iid,f0,gof_af,high,-0.23881772523223255
iid,f0,gof_af,all,-0.25247166540735144
iid,impedance,pearson,weighted_all,-0.09549402195653141
iid,impedance,pearson,low,0.26695408684830435
iid,impedance,pearson,mid,-0.32836837192764123
iid,impedance,pearson,high,-0.13234899328859062
iid,impedance,pearson,all,-0.09549402195653141
iid,impedance,gof_af,weighted_all,0.1936708298146584
iid,impedance,gof_af,low,0.06810791590737367
iid,impedance,gof_af,mid,0.43860616027378996
iid,impedance,gof_af,high,0.11606382505889153
iid,impedance,gof_af,all,0.22967598559935995
iid,xi_mean,pearson,weighted_all,-0.006402062313880617
iid,xi_mean,pearson,low,0.2706129161296058
iid,xi_mean,pearson,mid,-0.2721916529623539
iid,xi_mean,pearson,high,-0.11927819014178409
iid,xi_mean,pearson,all,-0.006402062313880617
iid,xi_mean,gof_af,weighted_all,0.11819725321125384
iid,xi_mean,gof_af,low,0.0314769545313125
iid,xi_mean,gof_af,mid,0.40002666785190455
iid,xi_mean,gof_af,high,0.12867238543935286
iid,xi_mean,gof_af,all,0.2038757278101249
iid,field_cov,pearson,weighted_all,-0.4917925241121828
iid,field_cov,pearson,low,-0.03694208631494733
iid,field_cov,pearson,mid,-0.38270323125472244
iid,field_cov,pearson,high,-0.43692075203342373
iid,field_cov,pearson,all,-0.4917925241121828
iid,field_cov,gof_af,weighted_all,0.4717418551935642
iid,field_cov,gof_af,low,0.1464153962398329
iid,field_cov,gof_af,mid,0.38698075470020893
iid,field_cov,gof_af,high,0.5606453620160896
iid,field_cov,gof_af,all,0.5864349526645629
dipping,vs1,pearson,weighted_all,0.09796238244514109
dipping,vs1,pearson,low,-0.5761795675588779
dipping,vs1,pearson,mid,0.25087613535889397
dipping,vs1,pearson,high,0.16994212683867857
dipping,vs1,pearson,all,0.09796238244514109
dipping,vs1,gof_af,weighted_all,-0.22053693433003782
dipping,vs1,gof_af,low,0.2948798328108673
dipping,vs1,gof_af,mid,-0.5072381641347158
dipping,vs1,gof_af,high,-0.21117675428020258
dipping,vs1,gof_af,all,-0.2323527047664979
dipping,H,pearson,weighted_all,0.11450446105618521
dipping,H,pearson,low,0.6476247890040993
dipping,H,pearson,mid,0.11698014629049111
dipping,H,pearson,high,-0.1185555823486858
dipping,H,pearson,all,0.11450446105618521
dipping,H,gof_af,weighted_all,-0.34359778152881604
dipping,H,gof_af,low,-0.5069287034804276
dipping,H,gof_af,mid,-0.009404388714733543
dipping,H,gof_af,high,0.009275781689574793
dipping,H,gof_af,all,-0.12843420946869225
dipping,cov,pearson,weighted_all,-0.6358090185676393
dipping,cov,pearson,low,-0.07741339120649465
dipping,cov,pearson,mid,-0.4894944136323447
dipping,cov,pearson,high,-0.5938549955791336
dipping,cov,pearson,all,-0.6358090185676393
dipping,cov,gof_af,weighted_all,0.5971947592637248
dipping,cov,gof_af,low,0.11442006269592478
dipping,cov,gof_af,mid,0.4660035366931919
dipping,cov,gof_af,high,0.6868177799212282
dipping,cov,gof_af,all,0.6977654529378667
dipping,vs2,pearson,weighted_all,-0.06838678562816494
dipping,vs2,pearson,low,-0.3167068563620288
dipping,vs2,pearson,mid,-0.2513945824290652
dipping,vs2,pearson,high,-0.08064062374407202
dipping,vs2,pearson,all,-0.06838678562816494
dipping,vs2,gof_af,weighted_all,0.3159834418455108
dipping,vs2,gof_af,low,0.29510891407443135
dipping,vs2,gof_af,mid,0.08884735953701471
dipping,vs2,gof_af,high,0.1478980789325617
dipping,vs2,gof_af,all,0.24538220400289365
dipping,rH,pearson,weighted_all,-0.4533397636845912
dipping,rH,pearson,low,0.07231331886504301
dipping,rH,pearson,mid,-0.47217667390081186
dipping,rH,pearson,high,-0.4744152399324813
dipping,rH,pearson,all,-0.4533397636845912
dipping,rH,gof_af,weighted_all,0.43812796399003295
dipping,rH,gof_af,low,0.16456876456876457
dipping,rH,gof_af,mid,0.42573346194035855
dipping,rH,gof_af,high,0.4529016960051443
dipping,rH,gof_af,all,0.5201511132545615
dipping,aHV,pearson,weighted_all,0.1290491118077325
dipping,aHV,pearson,low,0.06741017603086569
dipping,aHV,pearson,mid,0.14835222249015353
dipping,aHV,pearson,high,0.16158668917289606
dipping,aHV,pearson,all,0.1290491118077325
dipping,aHV,gof_af,weighted_all,-0.1413029499236396
dipping,aHV,gof_af,low,-0.10497548428582913
dipping,aHV,gof_af,mid,-0.09107788762961178
dipping,aHV,gof_af,high,-0.209356161080299
dipping,aHV,gof_af,all,-0.19431717707579776
dipping,f0,pearson,weighted_all,0.008528253355839562
dipping,f0,pearson,low,-0.8599027409372237
dipping,f0,pearson,mid,0.0880676794469898
dipping,f0,pearson,high,0.22384454625833938
dipping,f0,pearson,all,0.008528253355839562
dipping,f0,gof_af,weighted_all,0.05957720440479061
dipping,f0,gof_af,low,0.535708544329234
dipping,f0,gof_af,mid,-0.37099911582670203
dipping,f0,gof_af,high,-0.21196849127883613
dipping,f0,gof_af,all,-0.12128848163330923
dipping,impedance,pearson,weighted_all,-0.14781368057230126
dipping,impedance,pearson,low,0.39566755083996463
dipping,impedance,pearson,mid,-0.3687002652519894
dipping,impedance,pearson,high,-0.21085121774776946
dipping,impedance,pearson,all,-0.14781368057230126
dipping,impedance,gof_af,weighted_all,0.35190097259062775
dipping,impedance,gof_af,low,-0.14877823326099188
dipping,impedance,gof_af,mid,0.5366650590788522
dipping,impedance,gof_af,high,0.29811510328751706
dipping,impedance,gof_af,all,0.3493609838437425
dipping,xi_mean,pearson,weighted_all,-0.07817297644883851
dipping,xi_mean,pearson,low,0.6217948717948718
dipping,xi_mean,pearson,mid,-0.2103769793424966
dipping,xi_mean,pearson,high,-0.19088899606140985
dipping,xi_mean,pearson,all,-0.07817297644883851
dipping,xi_mean,gof_af,weighted_all,0.15113334940921147
dipping,xi_mean,gof_af,low,-0.3491319025801785
dipping,xi_mean,gof_af,mid,0.47144924041475766
dipping,xi_mean,gof_af,high,0.20273289928462343
dipping,xi_mean,gof_af,all,0.19523350213005386
dipping,field_cov,pearson,weighted_all,-0.3981713688610241
dipping,field_cov,pearson,low,-0.015758379551483
dipping,field_cov,pearson,mid,-0.4074069608552367
dipping,field_cov,pearson,high,-0.24191785226267984
dipping,field_cov,pearson,all,-0.3981713688610241
dipping,field_cov,gof_af,weighted_all,0.5947351499075637
dipping,field_cov,gof_af,low,0.20658709106984968
dipping,field_cov,gof_af,mid,0.5529016960051443
dipping,field_cov,gof_af,high,0.41196849127883606
dipping,field_cov,gof_af,all,0.5563901615625753
dipping,dip_angle_deg,pearson,weighted_all,-0.044498030704927256
dipping,dip_angle_deg,pearson,low,-0.05642231331886505
dipping,dip_angle_deg,pearson,mid,-0.08366288883530262
dipping,dip_angle_deg,pearson,high,0.00909090909090909
dipping,dip_angle_deg,pearson,all,-0.044498030704927256
dipping,dip_angle_deg,gof_af,weighted_all,0.04113415320311872
dipping,dip_angle_deg,gof_af,low,0.01681134956997026
dipping,dip_angle_deg,gof_af,mid,0.03266216542078611
dipping,dip_angle_deg,gof_af,high,-0.008496101599549876
dipping,dip_angle_deg,gof_af,all,0.013202314926452859
three_layer,vs1,pearson,weighted_all,0.09925247166626476
three_layer,vs1,pearson,low,-0.08211960453339764
three_layer,vs1,pearson,mid,-0.3312032794791415
three_layer,vs1,pearson,high,0.15954103367896472
three_layer,vs1,pearson,all,0.09925247166626476
three_layer,vs1,gof_af,weighted_all,0.024403183023872677
three_layer,vs1,gof_af,low,-0.16752672614741582
three_layer,vs1,gof_af,mid,-0.3663451491037698
three_layer,vs1,gof_af,high,-0.3558757334619404
three_layer,vs1,gof_af,all,-0.34459850494333255
three_layer,H,pearson,weighted_all,-0.017273531066634516
three_layer,H,pearson,low,0.03474399164054337
three_layer,H,pearson,mid,0.505755164375854
three_layer,H,pearson,high,-0.06968491278836107
three_layer,H,pearson,all,-0.017273531066634516
three_layer,H,gof_af,weighted_all,-0.22189132706374087
three_layer,H,gof_af,low,-0.17569729121453262
three_layer,H,gof_af,mid,-0.020211397797604697
three_layer,H,gof_af,high,0.1497387669801463
three_layer,H,gof_af,all,0.014315569487983284
three_layer,cov,pearson,weighted_all,-0.35002009484768104
three_layer,cov,pearson,low,-0.11351177558074112
three_layer,cov,pearson,mid,-0.19775741499879432
three_layer,cov,pearson,high,-0.3664134715858854
three_layer,cov,pearson,all,-0.35002009484768104
three_layer,cov,gof_af,weighted_all,0.4658186640945262
three_layer,cov,gof_af,low,0.34944136323446673
three_layer,cov,gof_af,mid,0.37398521019210673
three_layer,cov,gof_af,high,0.4859737963186239
three_layer,cov,gof_af,all,0.4621131741821397
three_layer,vs2,pearson,weighted_all,-0.07929426894944137
three_layer,vs2,pearson,low,0.036825817860300626
three_layer,vs2,pearson,mid,-0.07111968491278836
three_layer,vs2,pearson,high,-0.06960855236717306
three_layer,vs2,pearson,all,-0.07929426894944137
three_layer,vs2,gof_af,weighted_all,0.12501406639337675
three_layer,vs2,gof_af,low,-0.10984647536371674
three_layer,vs2,gof_af,mid,-0.02629611767542802
three_layer,vs2,gof_af,high,0.06784020577124025
three_layer,vs2,gof_af,all,-0.02526324250462182
three_layer,f0,pearson,weighted_all,0.06514347721244274
three_layer,f0,pearson,low,-0.16916244674865366
three_layer,f0,pearson,mid,-0.7110320713768989
three_layer,f0,pearson,high,0.14217506631299737
three_layer,f0,pearson,all,0.06514347721244274
three_layer,f0,gof_af,weighted_all,0.1803713527851459
three_layer,f0,gof_af,low,0.12616751065026927
three_layer,f0,gof_af,mid,-0.12933445864480347
three_layer,f0,gof_af,high,-0.4093722369584439
three_layer,f0,gof_af,all,-0.23705891809340085
three_layer,impedance,pearson,weighted_all,-0.1355317096696407
three_layer,impedance,pearson,low,0.08861425930391448
three_layer,impedance,pearson,mid,0.2543043163732819
three_layer,impedance,pearson,high,-0.18772204806687565
three_layer,impedance,pearson,all,-0.1355317096696407
three_layer,impedance,gof_af,weighted_all,0.055337191544088095
three_layer,impedance,gof_af,low,0.12603890362511053
three_layer,impedance,gof_af,mid,0.34871392974841253
three_layer,impedance,gof_af,high,0.3767783940197733
three_layer,impedance,gof_af,all,0.32253436218953463
three_layer,xi_mean,pearson,weighted_all,-0.011920263644401576
three_layer,xi_mean,pearson,low,0.21338316855558237
three_layer,xi_mean,pearson,mid,0.6665661924282614
three_layer,xi_mean,pearson,high,-0.06767542802025561
three_layer,xi_mean,pearson,all,-0.011920263644401576
three_layer,xi_mean,gof_af,weighted_all,-0.13111084317980867
three_layer,xi_mean,gof_af,low,-0.07541194437746163
three_layer,xi_mean,gof_af,mid,0.0021220159151193636
three_layer,xi_mean,gof_af,high,0.31296519572381637
three_layer,xi_mean,gof_af,all,0.1802949923639579
three_layer,field_cov,pearson,weighted_all,-0.13119122257053292
three_layer,field_cov,pearson,low,0.13990434852503816
three_layer,field_cov,pearson,mid,0.3797082228116711
three_layer,field_cov,pearson,high,-0.20698095008439837
three_layer,field_cov,pearson,all,-0.13119122257053292
three_layer,field_cov,gof_af,weighted_all,0.03463146049352946
three_layer,field_cov,gof_af,low,0.16724137931034483
three_layer,field_cov,gof_af,mid,0.36376095169198613
three_layer,field_cov,gof_af,high,0.48353026284060774
three_layer,field_cov,gof_af,all,0.40800578731613224
three_layer,H1,pearson,weighted_all,0.043051201671891325
three_layer,H1,pearson,low,0.14012137287999357
three_layer,H1,pearson,mid,0.715014870187284
three_layer,H1,pearson,high,-0.006707660155936019
three_layer,H1,pearson,all,0.043051201671891325
three_layer,H1,gof_af,weighted_all,-0.2780845591190419
three_layer,H1,gof_af,low,-0.32904911180773244
three_layer,H1,gof_af,mid,-0.1861425930391448
three_layer,H1,gof_af,high,0.16102403343782654
three_layer,H1,gof_af,all,-0.05726227795193314
three_layer,H2,pearson,weighted_all,-0.11276424724700589
three_layer,H2,pearson,low,-0.06971304557511454
three_layer,H2,pearson,mid,0.02296037296037296
three_layer,H2,pearson,high,-0.14092516678723574
three_layer,H2,pearson,all,-0.11276424724700589
three_layer,H2,gof_af,weighted_all,-0.031102805240736275
three_layer,H2,gof_af,low,0.05433244916003537
three_layer,H2,gof_af,mid,0.18999678482437102
three_layer,H2,gof_af,high,0.11171529619805483
three_layer,H2,gof_af,all,0.10791335101679929
three_layer,vs_mid,pearson,weighted_all,0.09402781126919058
three_layer,vs_mid,pearson,low,-0.08867856281649386
three_layer,vs_mid,pearson,mid,-0.2202837392492565
three_layer,vs_mid,pearson,high,0.10836347560485492
three_layer,vs_mid,pearson,all,0.09402781126919058
three_layer,vs_mid,gof_af,weighted_all,-0.09414838035527691
three_layer,vs_mid,gof_af,low,-0.06966883691021622
three_layer,vs_mid,gof_af,mid,-0.121798890764408
three_layer,vs_mid,gof_af,high,-0.16661040109315972
three_layer,vs_mid,gof_af,all,-0.16324652359135117
three_layer,vs_contrast,pearson,weighted_all,-0.08932963588136002
three_layer,vs_contrast,pearson,low,0.08052005465798569
three_layer,vs_contrast,pearson,mid,0.31838276665862875
three_layer,vs_contrast,pearson,high,-0.14905554215899045
three_layer,vs_contrast,pearson,all,-0.08932963588136002
three_layer,vs_contrast,gof_af,weighted_all,-0.02629209870589181
three_layer,vs_contrast,gof_af,low,0.16599147978458323
three_layer,vs_contrast,gof_af,mid,0.3524435334780162
three_layer,vs_contrast,gof_af,high,0.3463869463869464
three_layer,vs_contrast,gof_af,all,0.3278032312515071
