split,method,n,median,p25,p75
val,GINO,144,0.9178469407803729,0.8702050980938932,0.9578360635223155
val,1D Base Case,144,0.7223342761131748,0.589307827164895,0.8154277798159278
val,Toro fixed H,144,0.6714101773158387,0.5929557288356917,0.7632102905387289
val,Toro dip,144,0.6690809996623102,0.5702223688411991,0.7445930851049181
val,Passeri fixed H,144,0.7014093705166513,0.6164137834862294,0.7873773530345329
val,Passeri dip,144,0.6720830735231189,0.5915093090124799,0.7687988635780402
val,Pretell median,144,0.7762203098431257,0.6495492631307288,0.8679081716506268
val,Pretell percentile,144,0.7580737791723131,0.6511685491996568,0.8604160958123626
test,GINO,144,0.9266963339219774,0.8835769422642037,0.9545550033265964
test,1D Base Case,144,0.6860254325806122,0.5953863973444051,0.7980903179054052
test,Toro fixed H,144,0.6682653441536938,0.5980582130579437,0.759000504994357
test,Toro dip,144,0.625870444329639,0.5674533146512832,0.7479231475755237
test,Passeri fixed H,144,0.6953844906783575,0.60802675804816,0.7743075031490863
test,Passeri dip,144,0.6532765795475106,0.5735779949044851,0.7519448306078925
test,Pretell median,144,0.7638248293004982,0.6270033517622245,0.8551411866216261
test,Pretell percentile,144,0.7306642938383945,0.612804074456037,0.8347580278690725
